'learning_rate': 0.87, 'l2_leaf_reg': 6.4646464646464645, 'iterations': 260, 'depth': 8}
0.7155555555555556